{"cameraMode":{"drawMode":0,"name":"Shaded","section":"Shading Mode"},"sceneLighting":false,"audioPlay":false,"sceneViewState":{"showFog":true,"showMaterialUpdate":false,"showSkybox":false,"showFlares":true,"showImageEffects":true,"showParticleSystems":true},"in2DMode":false,"pivot":{"x":-3.598996162414551,"y":-1.9843838214874268,"z":17.230663299560548},"rotation":{"x":0.0563528910279274,"y":-0.12101852893829346,"z":0.007155208848416805,"w":0.9911853075027466},"size":10.0,"orthographic":false}