{"cameraMode":{"drawMode":0,"name":"Shaded","section":"Shading Mode"},"sceneLighting":false,"audioPlay":false,"sceneViewState":{"showFog":true,"showMaterialUpdate":false,"showSkybox":false,"showFlares":true,"showImageEffects":true,"showParticleSystems":true},"in2DMode":false,"pivot":{"x":0.5811513066291809,"y":0.8780853152275086,"z":0.0926576629281044},"rotation":{"x":0.08057563006877899,"y":0.675395667552948,"z":-0.07430164515972138,"w":0.7294726371765137},"size":0.7747896909713745,"orthographic":false}