{"cameraMode":{"drawMode":0,"name":"Shaded","section":"Shading Mode"},"sceneLighting":false,"audioPlay":false,"sceneViewState":{"showFog":true,"showMaterialUpdate":false,"showSkybox":false,"showFlares":true,"showImageEffects":true,"showParticleSystems":true},"in2DMode":false,"pivot":{"x":-0.2467947155237198,"y":0.1379697024822235,"z":-0.11854352056980133},"rotation":{"x":0.003752786898985505,"y":-0.7285315990447998,"z":-0.004285396076738834,"w":-0.6850876808166504},"size":0.7962950468063355,"orthographic":false}