{"cameraMode":{"drawMode":0,"name":"Shaded","section":"Shading Mode"},"sceneLighting":false,"audioPlay":false,"sceneViewState":{"showFog":true,"showMaterialUpdate":false,"showSkybox":false,"showFlares":true,"showImageEffects":true,"showParticleSystems":true},"in2DMode":false,"pivot":{"x":-0.19164718687534333,"y":0.19875699281692506,"z":0.8905353546142578},"rotation":{"x":-0.4097929000854492,"y":-0.09775436669588089,"z":0.044210419058799747,"w":-0.9059048295021057},"size":1.3987905979156495,"orthographic":false}