{"cameraMode":{"drawMode":0,"name":"Shaded","section":"Shading Mode"},"sceneLighting":false,"audioPlay":false,"sceneViewState":{"showFog":true,"showMaterialUpdate":false,"showSkybox":false,"showFlares":true,"showImageEffects":true,"showParticleSystems":true},"in2DMode":false,"pivot":{"x":2.1749067306518556,"y":0.4748314619064331,"z":-0.1784282773733139},"rotation":{"x":-0.2052329033613205,"y":-0.49188852310180666,"z":0.12053780257701874,"w":-0.8375298380851746},"size":1.2665647268295289,"orthographic":false}