{"cameraMode":{"drawMode":0,"name":"Shaded","section":"Shading Mode"},"sceneLighting":false,"audioPlay":false,"sceneViewState":{"showFog":true,"showMaterialUpdate":false,"showSkybox":false,"showFlares":true,"showImageEffects":true,"showParticleSystems":true},"in2DMode":false,"pivot":{"x":0.13543453812599183,"y":0.7201948165893555,"z":0.21273551881313325},"rotation":{"x":0.0877605602145195,"y":0.757683515548706,"z":-0.10409238934516907,"w":0.6383786797523499},"size":1.128969669342041,"orthographic":false}