{"cameraMode":{"drawMode":0,"name":"Shaded","section":"Shading Mode"},"sceneLighting":false,"audioPlay":false,"sceneViewState":{"showFog":true,"showMaterialUpdate":false,"showSkybox":false,"showFlares":true,"showImageEffects":true,"showParticleSystems":true},"in2DMode":false,"pivot":{"x":-0.2597307860851288,"y":1.8589866161346436,"z":-0.033577919006347659},"rotation":{"x":-0.17182791233062745,"y":-0.03939032927155495,"z":0.006839722860604525,"w":-0.9843835830688477},"size":1.373488426208496,"orthographic":false}